Date,Open,High,Low,Close,Volume
9/24/2019 16:00:00,4.4,4.43,4.28,4.31,8031045
9/25/2019 16:00:00,4.31,4.48,4.27,4.46,7827672
9/26/2019 16:00:00,4.45,4.45,4.38,4.43,5945648
9/27/2019 16:00:00,4.39,4.44,4.23,4.29,9148974
9/30/2019 16:00:00,4.32,4.36,4.29,4.35,4829977
10/1/2019 16:00:00,4.38,4.53,4.35,4.35,9189150
10/2/2019 16:00:00,4.33,4.34,4.25,4.33,7391544
10/3/2019 16:00:00,4.33,4.54,4.3,4.53,11568265
10/4/2019 16:00:00,4.54,4.58,4.47,4.55,6699005
10/7/2019 16:00:00,4.61,4.71,4.61,4.61,12207839
10/8/2019 16:00:00,4.52,4.52,4.41,4.43,11233566
10/9/2019 16:00:00,4.51,4.57,4.48,4.52,7697082
10/10/2019 16:00:00,4.52,4.63,4.51,4.58,8187889
10/11/2019 16:00:00,4.66,4.73,4.64,4.65,11271668
10/14/2019 16:00:00,4.64,4.68,4.61,4.66,5258394
10/15/2019 16:00:00,4.75,4.98,4.74,4.91,16699633
10/16/2019 16:00:00,4.88,4.98,4.84,4.86,10818828
10/17/2019 16:00:00,4.9,4.95,4.8,4.86,6607924
10/18/2019 16:00:00,4.86,4.89,4.69,4.76,7690605
10/21/2019 16:00:00,4.82,4.91,4.81,4.9,6674181
10/22/2019 16:00:00,4.96,5.06,4.88,4.89,8434228
10/23/2019 16:00:00,4.81,4.89,4.78,4.88,7144250
10/24/2019 16:00:00,4.92,4.96,4.88,4.92,5975933
10/25/2019 16:00:00,5,5.13,4.99,5.11,10577288
10/28/2019 16:00:00,5.16,5.22,5.13,5.17,8269791
10/29/2019 16:00:00,5.16,5.16,5.05,5.07,5280920
10/30/2019 16:00:00,5.1,5.11,5.01,5.08,5149038
10/31/2019 16:00:00,5.05,5.08,4.95,5.03,5243315
11/1/2019 16:00:00,4.99,5.1,4.96,5.06,7090956
11/4/2019 16:00:00,5.15,5.28,5.12,5.26,9417905
11/5/2019 16:00:00,5.26,5.29,5.19,5.24,7521712
11/6/2019 16:00:00,5.22,5.24,5.1,5.19,6725335
11/7/2019 16:00:00,5.28,5.29,5.16,5.21,7008498
11/8/2019 16:00:00,5.19,5.23,5.15,5.19,4735187
11/11/2019 16:00:00,5.19,5.23,5.11,5.2,6094736
11/12/2019 16:00:00,5.24,5.3,5.21,5.24,7095971
11/13/2019 16:00:00,5.21,5.24,5.15,5.21,7559124
11/14/2019 16:00:00,5.22,5.25,5.16,5.24,13175171
11/15/2019 16:00:00,5.24,5.29,5.02,5.1,26355409
11/18/2019 16:00:00,5.1,5.33,5.09,5.31,14382963
11/19/2019 16:00:00,5.28,5.3,5.14,5.2,10384506
11/20/2019 16:00:00,5.18,5.36,5.16,5.28,11825438
11/21/2019 16:00:00,5.28,5.33,5.23,5.25,7209730
11/22/2019 16:00:00,5.28,5.32,5.25,5.27,5602470
11/25/2019 16:00:00,5.4,5.54,5.39,5.53,12683686
11/26/2019 16:00:00,5.51,5.52,5.42,5.43,9642023
11/27/2019 16:00:00,5.47,5.5,5.43,5.46,5410718
11/29/2019 13:00:00,5.43,5.45,5.39,5.42,3538924
12/2/2019 16:00:00,5.41,5.43,5.22,5.23,9346742
12/3/2019 16:00:00,5.05,5.2,5.01,5.19,11853653
12/4/2019 16:00:00,5.28,5.3,5.21,5.24,6840459
12/5/2019 16:00:00,5.26,5.27,5.19,5.22,4628444
12/6/2019 16:00:00,5.29,5.34,5.28,5.3,5810457
12/9/2019 16:00:00,5.28,5.36,5.27,5.3,5378320
12/10/2019 16:00:00,5.33,5.4,5.28,5.35,6417228
12/11/2019 16:00:00,5.36,5.44,5.36,5.43,5850247
12/12/2019 16:00:00,5.4,5.62,5.4,5.6,10152084
12/13/2019 16:00:00,5.6,5.72,5.55,5.6,11374183
12/16/2019 16:00:00,5.65,5.7,5.62,5.63,8032684
12/17/2019 16:00:00,5.65,5.73,5.64,5.71,8081598
12/18/2019 16:00:00,5.74,5.8,5.73,5.74,8606969
12/19/2019 16:00:00,5.77,5.9,5.77,5.89,11327674
12/20/2019 16:00:00,5.95,6.01,5.93,5.98,15084607
12/23/2019 16:00:00,6.01,6.05,5.96,5.97,8884815
12/24/2019 13:00:00,5.96,5.98,5.92,5.97,3471597
12/26/2019 16:00:00,5.97,6.01,5.95,5.98,4580451
12/27/2019 16:00:00,6,6.01,5.9,5.92,6370251
12/30/2019 16:00:00,5.9,5.91,5.78,5.81,6456178
12/31/2019 16:00:00,5.77,5.89,5.75,5.88,5780283
1/2/2020 16:00:00,5.97,6,5.92,6,5941969
1/3/2020 16:00:00,5.88,5.95,5.85,5.9,5144308
1/6/2020 16:00:00,5.81,5.93,5.78,5.93,6572812
1/7/2020 16:00:00,5.96,6.04,5.91,6,7980144
1/8/2020 16:00:00,5.99,6.05,5.95,6.01,6931017
1/9/2020 16:00:00,6.1,6.15,6.02,6.08,6386053
1/10/2020 16:00:00,6.18,6.21,6.09,6.11,7911560
1/13/2020 16:00:00,6.19,6.32,6.17,6.3,8008451
1/14/2020 16:00:00,6.26,6.28,6.17,6.18,8989483
1/15/2020 16:00:00,6.19,6.22,6.11,6.14,6577636
1/16/2020 16:00:00,6.19,6.23,6.17,6.22,7104791
1/17/2020 16:00:00,6.24,6.25,6.18,6.23,6344764
1/21/2020 16:00:00,6.2,6.23,6.16,6.2,5447925
1/22/2020 16:00:00,6.24,6.34,6.23,6.25,5980967
1/23/2020 16:00:00,6.29,6.33,6.2,6.32,6112861
1/24/2020 16:00:00,6.44,6.49,6.21,6.26,9337839
1/27/2020 16:00:00,5.96,6.06,5.81,6.01,11763354
1/28/2020 16:00:00,6.07,6.23,6.02,6.2,7774401
1/29/2020 16:00:00,6.18,6.22,6.1,6.14,6486279
1/30/2020 16:00:00,6.04,6.16,5.99,6.15,7262590
1/31/2020 16:00:00,6.1,6.11,5.87,5.91,9260493
2/3/2020 16:00:00,5.89,6.03,5.89,6.01,6398205
2/4/2020 16:00:00,6.15,6.2,6.1,6.18,6788589
2/5/2020 16:00:00,6.3,6.31,6.19,6.27,5205502
2/6/2020 16:00:00,6.3,6.36,6.22,6.36,5457051
2/7/2020 16:00:00,6.32,6.34,6.26,6.29,4743803
2/10/2020 16:00:00,6.31,6.58,6.31,6.57,13240194
2/11/2020 16:00:00,6.68,6.81,6.62,6.7,15963922
2/12/2020 16:00:00,6.75,6.82,6.71,6.81,9366118
2/13/2020 16:00:00,6.76,6.84,6.73,6.77,13200384
2/14/2020 16:00:00,7.18,7.37,7.15,7.24,26048093
2/18/2020 16:00:00,7.14,7.43,7.12,7.41,15547025
2/19/2020 16:00:00,7.54,7.89,7.54,7.87,17358281
2/20/2020 16:00:00,7.82,7.91,7.41,7.72,20251259
2/21/2020 16:00:00,7.6,7.63,7.27,7.35,19232331
2/24/2020 16:00:00,6.75,7.05,6.7,6.83,21422873
2/25/2020 16:00:00,6.91,6.97,6.45,6.55,26387442
2/26/2020 16:00:00,6.55,6.89,6.55,6.69,18741536
2/27/2020 16:00:00,6.37,6.68,6.22,6.32,22660373
2/28/2020 16:00:00,6.06,6.81,6.04,6.75,28366882
3/2/2020 16:00:00,6.92,6.94,6.53,6.91,22268639
3/3/2020 16:00:00,6.97,7.03,6.56,6.65,16319828
3/4/2020 16:00:00,6.76,7.12,6.68,7.11,14935184
3/5/2020 16:00:00,6.91,7.08,6.79,6.83,13508187
3/6/2020 16:00:00,6.65,6.71,6.45,6.65,12885307
3/9/2020 16:00:00,6,6.49,5.95,6.14,15353960
3/10/2020 16:00:00,6.41,6.53,6.15,6.53,14516218
3/11/2020 16:00:00,6.39,6.42,6.06,6.16,12551693
3/12/2020 16:00:00,5.64,5.9,5.4,5.41,20413535
3/13/2020 16:00:00,5.76,6.03,5.49,6.02,15870943
3/16/2020 16:00:00,5.31,5.65,4.85,4.91,18174303
3/17/2020 16:00:00,5.02,5.52,4.78,5.43,20840799
3/18/2020 16:00:00,5,5.25,4.52,5.07,21856657
3/19/2020 16:00:00,5.05,5.42,4.83,5.32,19137847
3/20/2020 16:00:00,5.48,5.76,5.13,5.14,20115854
3/23/2020 16:00:00,5.14,5.41,4.96,5.32,16096866
3/24/2020 16:00:00,5.73,6.32,5.7,6.23,27541095
3/25/2020 16:00:00,6.35,6.55,6.09,6.14,19835767
3/26/2020 16:00:00,6.35,6.56,6.25,6.43,17439692
3/27/2020 16:00:00,6.25,6.58,6.22,6.32,15970744
3/30/2020 16:00:00,6.38,6.65,6.34,6.64,15056253
3/31/2020 16:00:00,6.68,6.88,6.44,6.59,23749014
4/1/2020 16:00:00,6.39,6.54,6.03,6.08,16422828
4/2/2020 16:00:00,6.11,6.4,6.06,6.39,16894113
4/3/2020 16:00:00,6.35,6.39,5.96,6.1,16580346
4/6/2020 16:00:00,6.38,6.75,6.32,6.71,18197062
4/7/2020 16:00:00,6.93,6.96,6.43,6.48,19613047
4/8/2020 16:00:00,6.59,6.7,6.52,6.67,13561113
4/9/2020 16:00:00,6.8,6.82,6.51,6.57,13156195
4/13/2020 16:00:00,6.51,6.76,6.43,6.75,9960182
4/14/2020 16:00:00,6.88,7.13,6.85,7.1,13273667
4/15/2020 16:00:00,6.93,7.1,6.88,7.02,9153721
4/16/2020 16:00:00,7.18,7.48,7.16,7.37,18640510
4/17/2020 16:00:00,7.45,7.47,7.17,7.31,13478049
4/20/2020 16:00:00,7.18,7.34,7.13,7.18,11234705
4/21/2020 16:00:00,7.06,7.12,6.68,6.74,18378996
4/22/2020 16:00:00,6.93,7.2,6.89,7.15,12118228
4/23/2020 16:00:00,7.2,7.33,7.08,7.1,10603988
4/24/2020 16:00:00,7.09,7.24,7.02,7.24,8816137
4/27/2020 16:00:00,7.37,7.59,7.35,7.43,11984699
4/28/2020 16:00:00,7.58,7.61,7.28,7.28,11072603
4/29/2020 16:00:00,7.42,7.51,7.34,7.46,9479047
4/30/2020 16:00:00,7.41,7.46,7.29,7.31,9397943
5/1/2020 16:00:00,7.11,7.22,7.02,7.07,8552445
5/4/2020 16:00:00,7.02,7.3,7.02,7.28,7938880
5/5/2020 16:00:00,7.39,7.51,7.28,7.34,9222391
5/6/2020 16:00:00,7.42,7.55,7.39,7.44,8086639
5/7/2020 16:00:00,7.58,7.69,7.53,7.62,9343263
5/8/2020 16:00:00,7.69,7.82,7.66,7.81,8497678
5/11/2020 16:00:00,7.81,8.11,7.78,8.07,11726504
5/12/2020 16:00:00,8.12,8.17,7.79,7.8,12326482
5/13/2020 16:00:00,7.92,8.08,7.59,7.78,15646252
5/14/2020 16:00:00,7.84,8.04,7.69,8.03,15057809
5/15/2020 16:00:00,7.89,8.5,7.87,8.49,24691543
5/18/2020 16:00:00,8.76,8.92,8.68,8.75,19410086
5/19/2020 16:00:00,8.79,9.09,8.76,8.81,17933049
5/20/2020 16:00:00,8.99,9.04,8.89,8.97,14688405
5/21/2020 16:00:00,9.05,9.05,8.74,8.78,19026741
5/22/2020 16:00:00,8.83,9.09,8.71,9.03,25969125
5/26/2020 16:00:00,9.16,9.18,8.67,8.72,19269476
5/27/2020 16:00:00,8.63,8.63,8,8.53,29397306
5/28/2020 16:00:00,8.41,8.76,8.38,8.49,18403204
5/29/2020 16:00:00,8.55,8.88,8.49,8.88,18647994
6/1/2020 16:00:00,8.83,8.84,8.69,8.81,9762775
6/2/2020 16:00:00,8.8,8.84,8.66,8.83,9783014
6/3/2020 16:00:00,8.82,8.87,8.7,8.77,9135972
6/4/2020 16:00:00,8.73,8.94,8.68,8.77,10606960
6/5/2020 16:00:00,8.79,9,8.71,8.92,12043651
6/8/2020 16:00:00,8.88,8.89,8.69,8.81,9693431
6/9/2020 16:00:00,8.8,9.11,8.75,9.05,11712221
6/10/2020 16:00:00,9.17,9.5,9.15,9.37,15804537
6/11/2020 16:00:00,9.15,9.26,8.79,8.8,14591256
6/12/2020 16:00:00,9.16,9.19,8.7,8.93,14272704
6/15/2020 16:00:00,8.82,9.18,8.74,9.17,10000054
6/16/2020 16:00:00,9.23,9.27,8.84,9.07,13392875
6/17/2020 16:00:00,9.11,9.3,9.07,9.24,10207641
6/18/2020 16:00:00,9.23,9.28,9.11,9.22,6360238
6/19/2020 16:00:00,9.24,9.45,9.23,9.26,13104013
6/22/2020 16:00:00,9.3,9.53,9.27,9.53,9961662
6/23/2020 16:00:00,9.55,9.64,9.41,9.45,9377685
6/24/2020 16:00:00,9.48,9.56,9.14,9.24,11234272
6/25/2020 16:00:00,9.36,9.51,9.18,9.49,9401800
6/26/2020 16:00:00,9.5,9.5,9.13,9.15,14802144
6/29/2020 16:00:00,9.17,9.2,8.9,9.2,8556203
6/30/2020 16:00:00,9.31,9.53,9.27,9.5,9197300
7/1/2020 16:00:00,9.52,9.58,9.41,9.53,8166170
7/2/2020 16:00:00,9.64,9.74,9.58,9.61,9101352
7/6/2020 16:00:00,9.74,9.91,9.71,9.84,7897343
7/7/2020 16:00:00,9.95,10.07,9.85,9.87,8944993
7/8/2020 16:00:00,9.99,10.23,9.97,10.22,9137013
7/9/2020 16:00:00,10.38,10.57,10.23,10.51,12363680
7/10/2020 16:00:00,10.59,10.66,10.38,10.48,12441869
7/13/2020 16:00:00,10.6,10.79,10.03,10.05,11426874
7/14/2020 16:00:00,10.07,10.4,9.79,10.38,13566855
7/15/2020 16:00:00,10.41,10.43,10.06,10.23,10099623
7/16/2020 16:00:00,10.02,10.21,9.9,10.13,8624118
7/17/2020 16:00:00,10.23,10.25,10.09,10.2,6657116
7/20/2020 16:00:00,10.27,10.53,10.16,10.51,7121271
7/21/2020 16:00:00,10.51,10.56,10.29,10.33,6941671
7/22/2020 16:00:00,10.37,10.6,10.29,10.44,9182271
7/23/2020 16:00:00,10.45,10.55,10.03,10.13,10291532
7/24/2020 16:00:00,9.88,10.36,9.78,10.19,11832300
7/27/2020 16:00:00,10.23,10.44,10.22,10.42,7303255
7/28/2020 16:00:00,10.37,10.38,10.21,10.22,6790901
7/29/2020 16:00:00,10.39,10.52,10.35,10.47,7112692
7/30/2020 16:00:00,10.38,10.62,10.3,10.61,7722004
7/31/2020 16:00:00,10.56,10.77,10.43,10.61,9657150
8/3/2020 16:00:00,10.73,11.1,10.72,11.01,10325456
8/4/2020 16:00:00,11.05,11.23,10.91,11.23,7758390
8/5/2020 16:00:00,11.24,11.37,11.17,11.29,6262493
8/6/2020 16:00:00,11.35,11.36,11.18,11.34,6107892
8/7/2020 16:00:00,11.31,11.5,11.04,11.2,8562899
8/10/2020 16:00:00,11.33,11.41,10.86,11.17,10694898
8/11/2020 16:00:00,11.07,11.14,10.8,10.85,8862763
8/12/2020 16:00:00,10.99,11.47,10.96,11.44,11623573
8/13/2020 16:00:00,11.55,11.72,11.36,11.44,9361489
8/14/2020 16:00:00,11.53,11.7,11.44,11.56,9160904
8/17/2020 16:00:00,11.85,12.41,11.82,12.34,15532523
8/18/2020 16:00:00,12.45,12.5,12.09,12.26,12586155
8/19/2020 16:00:00,12.3,12.32,12.1,12.14,15565558
8/20/2020 16:00:00,11.98,12.38,11.88,12.14,23034656
8/21/2020 16:00:00,12.2,12.81,12.2,12.68,24996738
8/24/2020 16:00:00,12.88,12.91,12.51,12.72,12264105
8/25/2020 16:00:00,12.63,12.76,12.57,12.75,7226920
8/26/2020 16:00:00,12.8,12.87,12.68,12.77,8031073
8/27/2020 16:00:00,12.78,12.85,12.57,12.63,7940073
8/28/2020 16:00:00,12.67,13.15,12.64,13.15,13428963
8/31/2020 16:00:00,13.18,13.58,13.04,13.37,12521030
9/1/2020 16:00:00,13.48,13.99,13.44,13.82,12811849
9/2/2020 16:00:00,14.7,14.73,13.9,14.35,21850322
9/3/2020 16:00:00,13.83,13.88,12.88,13.02,23628151
9/4/2020 16:00:00,12.78,13.18,11.7,12.62,36592071
9/8/2020 16:00:00,11.73,12.55,11.7,11.91,19893237
9/9/2020 16:00:00,12.4,12.81,12.23,12.72,18404957
9/10/2020 16:00:00,12.99,13.07,12.17,12.31,17467111
9/11/2020 16:00:00,12.49,12.65,11.9,12.16,15923172
9/14/2020 16:00:00,13.08,13.32,12.63,12.87,30043624
9/15/2020 16:00:00,13.28,13.3,12.83,12.99,18188914
9/16/2020 16:00:00,12.96,13.09,12.51,12.51,13939985
9/17/2020 16:00:00,12.13,12.59,12.03,12.46,19812794
9/18/2020 16:00:00,12.59,12.63,11.99,12.19,17461548
9/21/2020 16:00:00,11.93,12.52,11.9,12.52,18026061
9/22/2020 16:00:00,12.58,12.65,12.16,12.64,16161302
9/23/2020 16:00:00,12.58,12.73,12.08,12.12,16175308
9/24/2020 16:00:00,12.07,12.57,12.01,12.35,18281008
9/25/2020 16:00:00,12.45,12.88,12.25,12.87,14700407
9/28/2020 16:00:00,13.04,13.05,12.75,13.04,14345228
9/29/2020 16:00:00,12.94,13.44,12.93,13.23,15575124
9/30/2020 16:00:00,13.16,13.62,13.15,13.53,17229603
10/1/2020 16:00:00,13.76,13.76,13.46,13.61,13125059
10/2/2020 16:00:00,13.23,13.52,13.05,13.06,13812397
10/5/2020 16:00:00,13.24,13.64,13.22,13.64,11995457
10/6/2020 16:00:00,13.83,14.14,13.67,13.74,19610496
10/7/2020 16:00:00,14,14.12,13.86,13.96,10452129
10/8/2020 16:00:00,14.08,14.08,13.76,13.84,9472522
10/9/2020 16:00:00,13.77,13.82,13.66,13.76,8672273
10/12/2020 16:00:00,13.99,14.35,13.91,14.23,10868595
10/13/2020 16:00:00,14.3,14.35,14.02,14.25,8615078
10/14/2020 16:00:00,14.29,14.34,13.96,14.1,6916178
10/15/2020 16:00:00,13.81,14.01,13.77,13.97,6680628
10/16/2020 16:00:00,14.04,14.12,13.79,13.81,6065990
10/19/2020 16:00:00,13.9,13.98,13.41,13.5,7451714
10/20/2020 16:00:00,13.58,13.8,13.51,13.65,5730301
10/21/2020 16:00:00,13.63,13.79,13.48,13.52,5489933
10/22/2020 16:00:00,13.52,13.61,13.23,13.36,7261986
10/23/2020 16:00:00,13.45,13.59,13.29,13.59,5837107
10/26/2020 16:00:00,13.43,13.69,13.04,13.14,8422358
10/27/2020 16:00:00,13.31,13.44,13.19,13.4,6262992
10/28/2020 16:00:00,13.2,13.26,12.61,12.63,9412952
10/29/2020 16:00:00,12.84,13.19,12.75,13.02,8002046
10/30/2020 16:00:00,12.85,12.94,12.3,12.53,10434900
11/2/2020 16:00:00,12.66,12.84,12.4,12.58,7491316
11/3/2020 16:00:00,12.71,13.11,12.6,13.02,6822527
11/4/2020 16:00:00,13.39,13.83,13.34,13.79,10255732
11/5/2020 16:00:00,14.16,14.34,13.99,14.16,7975708
11/6/2020 16:00:00,14.11,14.59,13.9,14.56,9583732
11/9/2020 16:00:00,14.55,14.69,13.61,13.63,14574447
11/10/2020 16:00:00,13.61,13.61,12.63,12.77,16101680
11/11/2020 16:00:00,13.05,13.43,12.95,13.42,10118586
11/12/2020 16:00:00,13.48,13.77,13.32,13.46,9165875
11/13/2020 16:00:00,13.63,13.67,13.06,13.3,8669058
11/16/2020 16:00:00,13.17,13.65,13.16,13.52,10344370
11/17/2020 16:00:00,13.55,13.6,13.3,13.42,7800699
11/18/2020 16:00:00,13.47,13.61,13.19,13.43,12773133
11/19/2020 16:00:00,13.21,13.49,13.1,13.44,14148355
11/20/2020 16:00:00,13.45,13.49,13.07,13.09,8527245
11/23/2020 16:00:00,13.17,13.38,13.02,13.14,9033855
11/24/2020 16:00:00,13.14,13.16,12.89,12.96,8662499
11/25/2020 16:00:00,13.03,13.27,13.02,13.23,6497910
11/27/2020 13:00:00,13.38,13.41,13.17,13.26,4181880
11/30/2020 16:00:00,13.27,13.41,12.97,13.4,7173800
12/1/2020 16:00:00,13.49,13.53,13.23,13.39,7439282
12/2/2020 16:00:00,13.35,13.67,13.23,13.54,7084030
12/3/2020 16:00:00,13.59,13.66,13.33,13.4,4988016
12/4/2020 16:00:00,13.45,13.56,13.39,13.56,5056085
12/7/2020 16:00:00,13.6,13.73,13.5,13.61,5581081
12/8/2020 16:00:00,13.59,13.6,13.28,13.35,6798022
12/9/2020 16:00:00,13.3,13.41,12.87,12.93,10032530
12/10/2020 16:00:00,12.87,13.07,12.85,12.97,5194118
12/11/2020 16:00:00,12.97,13.02,12.82,13.01,5231641
12/14/2020 16:00:00,13.09,13.39,13.08,13.31,6753947
12/15/2020 16:00:00,13.44,13.46,13.19,13.36,4837148
12/16/2020 16:00:00,13.42,13.44,13.21,13.24,5577867
12/17/2020 16:00:00,13.37,13.38,13.18,13.34,5784597
12/18/2020 16:00:00,13.38,13.41,13.07,13.27,8551616
12/21/2020 16:00:00,13.07,13.37,12.97,13.33,7558304
12/22/2020 16:00:00,13.32,13.34,13.05,13.28,4657872
12/23/2020 16:00:00,13.26,13.28,13.01,13.01,4478569
12/24/2020 13:00:00,13.04,13.13,12.94,12.99,2447088
12/28/2020 16:00:00,13.06,13.06,12.76,12.9,5314141
12/29/2020 16:00:00,12.93,13.07,12.84,12.94,4259304
12/30/2020 16:00:00,12.99,13.21,12.9,13.15,5634929
12/31/2020 16:00:00,13.14,13.15,12.92,13.06,4810610
1/4/2021 16:00:00,13.1,13.65,12.96,13.11,14016045
1/5/2021 16:00:00,13.1,13.44,13.09,13.4,8068998
1/6/2021 16:00:00,13.22,13.25,12.59,12.61,14510575
1/7/2021 16:00:00,12.97,13.38,12.89,13.34,11537037
1/8/2021 16:00:00,13.36,13.42,13.04,13.28,7313215
1/11/2021 16:00:00,13.42,13.96,13.36,13.62,12975720
1/12/2021 16:00:00,13.75,13.75,13.35,13.48,7286943
1/13/2021 16:00:00,13.49,13.62,13.39,13.53,5250711
1/14/2021 16:00:00,13.58,13.6,13.18,13.2,7078007
1/15/2021 16:00:00,13.23,13.33,12.85,12.86,6944532
1/19/2021 16:00:00,13.02,13.09,12.84,13.03,5654672
1/20/2021 16:00:00,13.11,13.43,13.06,13.37,6464272
1/21/2021 16:00:00,13.42,14,13.25,13.87,8458490
1/22/2021 16:00:00,13.74,13.84,13.63,13.71,6170464
1/25/2021 16:00:00,13.78,13.83,13.24,13.65,6277779
1/26/2021 16:00:00,13.58,13.64,13.39,13.44,4099510
1/27/2021 16:00:00,13.23,13.23,12.79,12.92,9281821
1/28/2021 16:00:00,13,13.34,12.96,13.05,5707899
1/29/2021 16:00:00,13.08,13.33,12.91,12.99,6788801
2/1/2021 16:00:00,13.05,13.27,12.9,13.24,5430108
2/2/2021 16:00:00,13.4,13.57,13.29,13.56,5510957
2/3/2021 16:00:00,13.64,13.93,13.52,13.53,6135232
2/4/2021 16:00:00,13.53,13.67,13.34,13.66,5033462
2/5/2021 16:00:00,13.73,13.74,13.55,13.59,4228841
2/8/2021 16:00:00,13.73,14.47,13.73,14.44,10865571
2/9/2021 16:00:00,14.34,14.58,14.22,14.26,7189003
2/10/2021 16:00:00,14.46,14.91,14.34,14.76,12133808
2/11/2021 16:00:00,14.98,15.27,14.93,15.25,11270693
2/12/2021 16:00:00,15.05,15.29,14.78,14.96,9368937
2/16/2021 16:00:00,15.06,15.37,14.95,15.33,8048988
2/17/2021 16:00:00,15.17,15.22,14.78,14.91,6892467
2/18/2021 16:00:00,14.73,14.87,14.58,14.83,5852020
2/19/2021 16:00:00,15.02,15.18,14.85,14.93,6793103
2/22/2021 16:00:00,14.77,15.13,14.33,14.36,8147139
2/23/2021 16:00:00,14.08,14.24,13.39,14.14,9794483
2/24/2021 16:00:00,14.12,14.51,13.76,14.5,11207977
2/25/2021 16:00:00,14.05,14.37,13.22,13.31,20610901
2/26/2021 16:00:00,13.75,13.85,13.36,13.71,12523260
3/1/2021 16:00:00,13.88,13.93,13.55,13.84,8829575
3/2/2021 16:00:00,13.9,13.92,13.4,13.41,6602853
3/3/2021 16:00:00,13.43,13.45,12.8,12.8,9439757
3/4/2021 16:00:00,12.8,12.98,12.08,12.37,14333629
3/5/2021 16:00:00,12.55,12.55,11.68,12.46,13570971
3/8/2021 16:00:00,12.45,12.47,11.57,11.59,13577792
3/9/2021 16:00:00,12.13,12.62,12.06,12.52,13045638
3/10/2021 16:00:00,12.84,12.98,12.46,12.47,9609414
3/11/2021 16:00:00,12.95,13.05,12.73,12.99,7497857
3/12/2021 16:00:00,12.65,12.89,12.59,12.86,6099099
3/15/2021 16:00:00,12.86,13.21,12.77,13.19,5563011
3/16/2021 16:00:00,13.36,13.51,13.12,13.29,6803240
3/17/2021 16:00:00,13.04,13.45,12.99,13.34,6096605
3/18/2021 16:00:00,13.14,13.18,12.72,12.72,7354702
3/19/2021 16:00:00,12.75,12.92,12.61,12.85,7480174
3/22/2021 16:00:00,12.91,13.39,12.91,13.19,7445077
3/23/2021 16:00:00,13.25,13.34,13.02,13.07,5551152
3/24/2021 16:00:00,13.15,13.16,12.64,12.64,6145963
3/25/2021 16:00:00,12.5,12.71,12.27,12.54,7378614
3/26/2021 16:00:00,12.55,12.86,12.37,12.84,9099224
3/29/2021 16:00:00,12.82,13.06,12.7,12.95,6837997
3/30/2021 16:00:00,12.84,12.98,12.71,12.87,5005062
3/31/2021 16:00:00,13.02,13.47,12.98,13.35,7869438
4/1/2021 16:00:00,13.57,13.87,13.51,13.81,7706865
4/5/2021 16:00:00,13.87,14.01,13.73,13.99,6391785
4/6/2021 16:00:00,14,14.05,13.77,13.86,4793649
4/7/2021 16:00:00,13.88,14.24,13.71,14.14,6282109
4/8/2021 16:00:00,14.25,14.47,14.25,14.32,6110373
4/9/2021 16:00:00,14.21,14.41,14.18,14.4,4879272
4/12/2021 16:00:00,14.29,15.35,14.14,15.21,21733050
4/13/2021 16:00:00,15.23,15.7,15.13,15.68,16905297
4/14/2021 16:00:00,15.63,15.72,15.23,15.28,9637548
4/15/2021 16:00:00,15.66,16.21,15.63,16.14,14962017
4/16/2021 16:00:00,16.05,16.17,15.87,15.91,8380189
4/19/2021 16:00:00,15.54,15.81,15.23,15.36,10110452
4/20/2021 16:00:00,15.32,15.5,14.96,15.17,8353326
4/21/2021 16:00:00,15.12,15.36,15.1,15.36,5419426
4/22/2021 16:00:00,15.38,15.44,14.78,14.85,6944657
4/23/2021 16:00:00,14.93,15.33,14.9,15.27,5694305
4/26/2021 16:00:00,15.19,15.48,15.13,15.48,4944927
4/27/2021 16:00:00,15.58,15.67,15.35,15.38,4114325
4/28/2021 16:00:00,15.36,15.53,15.22,15.28,5235405
4/29/2021 16:00:00,15.4,15.44,15.07,15.32,4329912
4/30/2021 16:00:00,15.17,15.36,15,15.01,5047752
5/3/2021 16:00:00,15.13,15.25,14.79,14.84,5097796
5/4/2021 16:00:00,14.64,14.64,14.01,14.35,10133120
5/5/2021 16:00:00,14.71,14.81,14.39,14.46,7300576
5/6/2021 16:00:00,14.5,14.57,14.22,14.52,4834523
5/7/2021 16:00:00,14.81,14.97,14.67,14.81,5733183
5/10/2021 16:00:00,14.79,14.81,14.25,14.27,6722595
5/11/2021 16:00:00,13.83,14.35,13.75,14.31,7139634
5/12/2021 16:00:00,14.01,14.26,13.71,13.76,7585233
5/13/2021 16:00:00,14.03,14.08,13.46,13.67,7143187
5/14/2021 16:00:00,13.89,14.33,13.75,14.24,6465375
5/17/2021 16:00:00,14.16,14.17,13.85,14.17,5424521
5/18/2021 16:00:00,14.27,14.4,14,14.02,4656356
5/19/2021 16:00:00,13.57,14.08,13.54,14.07,8599984
5/20/2021 16:00:00,14.3,14.68,14.27,14.61,8039798
5/21/2021 16:00:00,15.16,15.22,14.87,14.99,16824800
5/24/2021 16:00:00,15.21,15.75,15.18,15.61,13870405
5/25/2021 16:00:00,15.77,15.82,15.48,15.65,10885172
5/26/2021 16:00:00,15.73,15.79,15.59,15.7,9260966
5/27/2021 16:00:00,15.7,15.75,15.46,15.49,14536880
5/28/2021 16:00:00,15.5,16.28,15.5,16.24,16113390
6/1/2021 16:00:00,16.27,16.39,15.9,16.26,11820075
6/2/2021 16:00:00,16.25,16.92,16.24,16.78,14854189
6/3/2021 16:00:00,16.7,17.26,16.58,16.97,14500170
6/4/2021 16:00:00,17.11,17.66,17.1,17.58,15428007
6/7/2021 16:00:00,17.57,17.81,17.19,17.62,14393873
6/8/2021 16:00:00,17.53,17.62,17.25,17.46,8096169
6/9/2021 16:00:00,17.52,17.58,17.26,17.36,9541437
6/10/2021 16:00:00,17.35,17.49,17.18,17.43,7194261
6/11/2021 16:00:00,17.48,17.94,17.44,17.83,10407691
6/14/2021 16:00:00,17.91,18.04,17.66,18.02,8034357
6/15/2021 16:00:00,17.92,18.02,17.73,17.79,6075761
6/16/2021 16:00:00,17.79,17.95,17.58,17.81,7678065
6/17/2021 16:00:00,17.77,18.84,17.76,18.66,20241372
6/18/2021 16:00:00,18.78,19.38,18.58,18.64,24221357
6/21/2021 16:00:00,18.44,18.54,17.82,18.43,16809554
6/22/2021 16:00:00,18.47,18.96,18.39,18.89,14503639
6/23/2021 16:00:00,19.01,19.15,18.91,19.06,8308926
6/24/2021 16:00:00,19.23,19.42,19.09,19.21,8023060
6/25/2021 16:00:00,19.28,19.35,18.89,19.03,6959148
6/28/2021 16:00:00,19.36,20.08,19.32,19.99,12385914
6/29/2021 16:00:00,19.88,20.1,19.66,20.03,9190846
6/30/2021 16:00:00,20,20.16,19.86,20,8164154
7/1/2021 16:00:00,20.13,20.46,20.02,20.21,12003374
7/2/2021 16:00:00,20.44,20.51,20.29,20.49,8584917
7/6/2021 16:00:00,20.74,20.84,20.35,20.7,11167687
7/7/2021 16:00:00,20.85,20.88,20.33,20.37,10460682
7/8/2021 16:00:00,19.86,20.13,19.7,19.9,12582492
7/9/2021 16:00:00,19.96,20.08,19.75,20.05,7415567
7/12/2021 16:00:00,20.24,20.53,20.19,20.51,8049619
7/13/2021 16:00:00,20.4,20.46,20.11,20.25,7267658
7/14/2021 16:00:00,20.36,20.42,19.75,19.84,9502480
7/15/2021 16:00:00,19.81,19.85,18.86,18.97,13764113
7/16/2021 16:00:00,19.03,19.16,18.07,18.16,17205566
7/19/2021 16:00:00,17.92,19.04,17.87,18.78,18726469
7/20/2021 16:00:00,18.73,18.84,18.16,18.61,43468654
7/21/2021 16:00:00,18.88,19.53,18.74,19.41,37101736
7/22/2021 16:00:00,19.64,19.89,19.28,19.59,32382595
7/23/2021 16:00:00,19.66,19.7,19.25,19.56,19567198
7/26/2021 16:00:00,19.31,19.44,18.91,19.29,20394316
7/27/2021 16:00:00,19.27,19.62,18.74,19.21,24886258
7/28/2021 16:00:00,19.32,19.65,19,19.5,20219115
7/29/2021 16:00:00,19.52,19.85,19.33,19.66,19078088
7/30/2021 16:00:00,19.42,19.63,19.26,19.5,18349746
8/2/2021 16:00:00,19.7,19.96,19.36,19.75,21744397
8/3/2021 16:00:00,19.74,20.22,19.22,19.82,30181074
8/4/2021 16:00:00,19.99,20.32,19.83,20.27,23130940
8/5/2021 16:00:00,20.5,20.73,20.34,20.64,21143537
8/6/2021 16:00:00,20.52,20.57,20.21,20.37,17849661
8/9/2021 16:00:00,20.45,20.51,20.14,20.3,14644310
8/10/2021 16:00:00,20.32,20.43,19.83,19.94,17923778
8/11/2021 16:00:00,20.04,20.05,19.43,19.7,18592484
8/12/2021 16:00:00,19.87,20.03,19.62,19.91,15186155
8/13/2021 16:00:00,19.91,20.21,19.85,20.19,18306286
8/16/2021 16:00:00,20.14,20.29,19.45,19.95,21115280
8/17/2021 16:00:00,19.68,19.77,19.27,19.46,20458485
8/18/2021 16:00:00,19.5,19.63,19,19.04,28591348
8/19/2021 16:00:00,19.49,20.5,18.76,19.8,76655477
8/20/2021 16:00:00,19.99,20.87,19.93,20.82,67574131
8/23/2021 16:00:00,20.97,22,20.95,21.96,57580658
8/24/2021 16:00:00,21.75,21.96,21.54,21.79,29729892
8/25/2021 16:00:00,21.74,22.47,21.72,22.21,34770104
8/26/2021 16:00:00,22.2,22.34,21.79,22.07,23794042
8/27/2021 16:00:00,22.18,22.72,22.17,22.64,30472219
8/30/2021 16:00:00,22.83,23.04,22.55,22.69,26257990
8/31/2021 16:00:00,22.7,22.7,22.12,22.39,25984968
9/1/2021 16:00:00,22.49,22.7,22.36,22.44,20176695
9/2/2021 16:00:00,22.52,22.59,22.29,22.4,18810957
9/3/2021 16:00:00,22.33,22.99,22.2,22.84,28083198
9/7/2021 16:00:00,22.83,22.9,22.52,22.66,19810716
9/8/2021 16:00:00,22.51,22.61,21.98,22.34,25443421
9/9/2021 16:00:00,22.31,22.54,22.13,22.18,19685601
9/10/2021 16:00:00,22.35,22.63,22.27,22.48,24837574
9/13/2021 16:00:00,22.68,22.96,21.86,22.15,29749990
9/14/2021 16:00:00,22.28,22.41,22.09,22.24,19975460
9/15/2021 16:00:00,22.31,22.37,21.97,22.34,16653801
9/16/2021 16:00:00,22.18,22.28,21.93,22.24,15603344
9/17/2021 16:00:00,22.3,22.32,21.83,21.9,29450284
9/20/2021 16:00:00,21.15,21.43,20.66,21.11,34944045
9/21/2021 16:00:00,21.42,21.43,20.95,21.25,20468810
9/22/2021 16:00:00,21.37,21.96,21.2,21.94,26872556
9/23/2021 16:00:00,22.14,22.53,21.89,22.48,24855491
9/24/2021 16:00:00,22.07,22.15,21.86,22.08,21765545
9/27/2021 16:00:00,21.71,21.8,21.33,21.66,24521514
9/28/2021 16:00:00,21.21,21.42,20.65,20.7,34306895
9/29/2021 16:00:00,20.94,21.02,20.47,20.52,21839363
9/30/2021 16:00:00,20.77,21.07,20.69,20.72,22100912
10/1/2021 16:00:00,20.75,20.86,20.2,20.74,24097796
10/4/2021 16:00:00,20.5,20.54,19.56,19.73,34563497
10/5/2021 16:00:00,19.95,20.65,19.85,20.45,27928165
10/6/2021 16:00:00,20.12,20.72,20.08,20.7,29720175
10/7/2021 16:00:00,21.09,21.32,20.97,21.08,25691893
10/8/2021 16:00:00,21.1,21.21,20.78,20.83,15125791
10/11/2021 16:00:00,20.58,21.06,20.51,20.7,16338754
10/12/2021 16:00:00,20.83,21.06,20.53,20.67,16213354
10/13/2021 16:00:00,20.92,20.99,20.71,20.94,18065188
10/14/2021 16:00:00,21.29,21.76,21.12,21.75,24358881
10/15/2021 16:00:00,21.81,21.93,21.66,21.86,22699401
10/18/2021 16:00:00,21.75,22.29,21.64,22.22,18949356
10/19/2021 16:00:00,22.28,22.38,22.04,22.29,16147329
10/20/2021 16:00:00,22.3,22.43,21.98,22.1,14627594
10/21/2021 16:00:00,22.1,22.71,22.08,22.69,18759032
10/22/2021 16:00:00,22.82,23.13,22.56,22.73,24938379
10/25/2021 16:00:00,22.97,23.35,22.77,23.17,23023483
10/26/2021 16:00:00,23.99,25.26,23.92,24.72,48589830
10/27/2021 16:00:00,24.47,25.09,24.28,24.45,24598989
10/28/2021 16:00:00,24.88,24.95,24.52,24.94,23420431
10/29/2021 16:00:00,25,25.71,25,25.57,29250284
11/1/2021 16:00:00,25.65,25.89,25.23,25.83,26573976
11/2/2021 16:00:00,25.82,26.68,25.8,26.4,29411239
11/3/2021 16:00:00,26.67,26.78,26.24,26.6,23991033
11/4/2021 16:00:00,27.23,31.37,27.12,29.8,115363115
11/5/2021 16:00:00,30.19,31.4,29.41,29.75,85126015
11/8/2021 16:00:00,30.15,31.1,29.91,30.8,50310093
11/9/2021 16:00:00,32.28,32.31,29.96,30.66,64674621
11/10/2021 16:00:00,29.36,30.85,28.78,29.46,63620572
11/11/2021 16:00:00,30.47,30.59,29.78,30.39,33217211
11/12/2021 16:00:00,30.01,30.68,29.63,30.39,41305428
11/15/2021 16:00:00,30.55,30.64,29.25,30.03,38490900
11/16/2021 16:00:00,29.76,30.39,29.71,30.2,26448367
11/17/2021 16:00:00,30.42,30.51,28.8,29.26,42850799
11/18/2021 16:00:00,32.37,32.76,31.32,31.68,78171075
11/19/2021 16:00:00,32.24,33.09,31.91,32.99,53386665
11/22/2021 16:00:00,33.52,34.65,31.9,31.96,75433524
11/23/2021 16:00:00,31.54,32.36,30.88,31.75,53216270
11/24/2021 16:00:00,31.46,32.85,30.93,32.67,43516226
11/26/2021 13:00:00,32.6,32.71,31.35,31.5,28306886
11/29/2021 16:00:00,32.37,33.41,32.04,33.38,45496398
11/30/2021 16:00:00,33.17,33.35,31.86,32.68,62206647
12/1/2021 16:00:00,33.22,33.29,31.38,31.44,48580204
12/2/2021 16:00:00,31.21,32.48,31.03,32.13,47289033
12/3/2021 16:00:00,32,32.13,30.13,30.69,54432505
12/6/2021 16:00:00,29.88,30.24,28.04,30.04,65893845
12/7/2021 16:00:00,30.96,32.45,30.65,32.43,59305348
12/8/2021 16:00:00,32,32.29,31.42,31.83,47555145
12/9/2021 16:00:00,31.73,32.21,30.43,30.49,48850716
12/10/2021 16:00:00,31.15,31.31,29.86,30.2,48882509
12/13/2021 16:00:00,30.25,30.29,28.12,28.16,59834366
12/14/2021 16:00:00,27.7,28.68,27.25,28.34,66703537
12/15/2021 16:00:00,28.4,30.5,27.84,30.46,69829688
12/16/2021 16:00:00,31.15,31.16,28.09,28.39,70736595
12/17/2021 16:00:00,27.99,28.92,27.76,27.8,71662239
12/20/2021 16:00:00,27.31,28.14,27.15,27.72,46184676
12/21/2021 16:00:00,28.37,29.12,27.4,29.08,52438494
12/22/2021 16:00:00,28.89,29.56,28.45,29.4,39518438
12/23/2021 16:00:00,29.76,30.06,29.43,29.64,34302174
12/27/2021 16:00:00,29.66,31.09,29.64,30.95,40368587
12/28/2021 16:00:00,31.31,31.33,30.01,30.32,42059121
12/29/2021 16:00:00,30.27,30.55,29.37,30,34313928
12/30/2021 16:00:00,29.83,30.46,29.54,29.59,30886422
12/31/2021 16:00:00,29.67,30.03,29.33,29.41,26652991
1/3/2022 16:00:00,29.82,30.71,29.79,30.12,39240294
1/4/2022 16:00:00,30.28,30.47,28.35,29.29,52715440
1/5/2022 16:00:00,28.95,29.42,27.53,27.6,49806388
1/6/2022 16:00:00,27.64,28.44,27.07,28.18,45418637
1/7/2022 16:00:00,28.14,28.42,27.06,27.25,40993851
1/10/2022 16:00:00,26.58,27.47,25.64,27.4,59468095
1/11/2022 16:00:00,27.32,28.07,26.84,27.82,40408929
1/12/2022 16:00:00,28.07,28.6,27.61,28,38341348
1/13/2022 16:00:00,28.38,28.48,26.5,26.58,53886809
1/14/2022 16:00:00,26.3,27.2,26.21,26.94,39583235
1/18/2022 16:00:00,26.26,26.64,25.77,25.9,42530617
1/19/2022 16:00:00,26.08,26.54,25.05,25.07,48831451
1/20/2022 16:00:00,25.3,25.58,24.08,24.15,43518073
1/21/2022 16:00:00,23.51,24.82,23.26,23.37,71895784
1/24/2022 16:00:00,22.33,23.38,20.89,23.37,91581063
1/25/2022 16:00:00,22.55,22.94,22,22.32,66461636
1/26/2022 16:00:00,23.24,24.06,22.3,22.77,75595873
1/27/2022 16:00:00,23.57,24,21.68,21.94,57335272
1/28/2022 16:00:00,22.01,22.86,21.3,22.84,54377425
1/31/2022 16:00:00,23.18,24.51,23.05,24.49,56467968
2/1/2022 16:00:00,25.1,25.15,23.89,24.64,51892517
2/2/2022 16:00:00,25.79,25.82,24.55,25.24,54341941
2/3/2022 16:00:00,24.46,25.08,23.78,23.95,41017778
2/4/2022 16:00:00,23.97,24.64,23.63,24.32,35482850
2/7/2022 16:00:00,24.37,25.18,24.2,24.73,37686750
2/8/2022 16:00:00,24.36,25.23,23.98,25.11,41035864
2/9/2022 16:00:00,25.62,26.73,25.35,26.71,52428166
2/10/2022 16:00:00,26,26.92,25.6,25.82,51319972
2/11/2022 16:00:00,25.92,26.15,23.77,23.95,60547198
2/14/2022 16:00:00,23.93,24.88,23.76,24.27,44042443
2/15/2022 16:00:00,24.95,26.55,24.78,26.5,70175280
2/16/2022 16:00:00,26.26,26.58,25.55,26.51,73267633
2/17/2022 16:00:00,25.63,25.79,24.17,24.51,81059508
2/18/2022 16:00:00,24.67,24.99,23.1,23.64,76125491
2/22/2022 16:00:00,23.04,24.06,23,23.39,63342244
2/23/2022 16:00:00,23.8,24.15,22.3,22.39,56651077
2/24/2022 16:00:00,21.02,23.8,20.89,23.75,73580063
2/25/2022 16:00:00,23.72,24.22,23.38,24.16,52886551
2/28/2022 16:00:00,23.99,24.67,23.71,24.39,47731861
3/1/2022 16:00:00,24.29,24.38,23.13,23.48,41205598
3/2/2022 16:00:00,23.76,24.41,23.42,24.22,38964185
3/3/2022 16:00:00,24.26,24.33,23.47,23.71,36509504
3/4/2022 16:00:00,23.38,23.68,22.48,22.94,43201070
3/7/2022 16:00:00,22.82,23.03,21.33,21.35,45082089
3/8/2022 16:00:00,21.31,22.37,20.65,21.51,55746719
3/9/2022 16:00:00,22.39,23.22,22.25,23.01,49274195
3/10/2022 16:00:00,22.53,22.79,21.88,22.66,42806565
3/11/2022 16:00:00,23.02,23.15,22.05,22.1,36720857
3/14/2022 16:00:00,21.87,22.26,21.16,21.33,38535424
3/15/2022 16:00:00,21.52,23.04,21.32,22.97,49199569
3/16/2022 16:00:00,23.5,24.6,23.17,24.5,67142174
3/17/2022 16:00:00,24.12,24.84,23.91,24.77,47194119
3/18/2022 16:00:00,24.8,26.57,24.62,26.45,73071856
3/21/2022 16:00:00,26.51,27.15,25.97,26.73,59172708
3/22/2022 16:00:00,26.73,27.24,26.07,26.52,54700710
3/23/2022 16:00:00,26.13,26.61,25.58,25.63,50211986
3/24/2022 16:00:00,26.17,28.32,25.91,28.15,87737914
3/25/2022 16:00:00,27.89,28.36,27.27,27.69,57901618
3/28/2022 16:00:00,27.76,28.25,27.21,28.22,42549392
3/29/2022 16:00:00,28.69,28.95,27.98,28.66,48898440
3/30/2022 16:00:00,28.3,28.5,27.5,27.69,46348713
3/31/2022 16:00:00,27.78,28.25,27.27,27.29,52344022
4/1/2022 16:00:00,27.38,27.5,26.27,26.71,51723511
4/4/2022 16:00:00,26.73,27.56,26.61,27.36,39770782
4/5/2022 16:00:00,27.25,27.32,25.82,25.93,43661473
4/6/2022 16:00:00,24.93,25.3,24,24.41,70383256
4/7/2022 16:00:00,24.44,24.72,23.48,24.21,55799236
4/8/2022 16:00:00,23.92,23.92,23.06,23.12,52478064
4/11/2022 16:00:00,22.21,22.32,21.66,21.92,57520684
4/12/2022 16:00:00,22.54,22.73,21.28,21.5,66225807
4/13/2022 16:00:00,21.73,22.5,21.46,22.2,51694344
4/14/2022 16:00:00,22.51,22.78,21.16,21.26,56909685
4/18/2022 16:00:00,21.2,22.09,21.08,21.78,52570061
4/19/2022 16:00:00,21.72,22.37,21.31,22.2,51278058
4/20/2022 16:00:00,22.52,22.67,21.2,21.48,46897444
4/21/2022 16:00:00,21.71,22.39,20,20.18,65620944
4/22/2022 16:00:00,20.3,20.49,19.5,19.52,62471343
4/25/2022 16:00:00,19.2,19.95,19.1,19.9,64156561
4/26/2022 16:00:00,19.72,19.79,18.67,18.79,65314250
4/27/2022 16:00:00,18.6,19.17,18.29,18.42,49946017
4/28/2022 16:00:00,18.97,20.04,18.49,19.78,57032671
4/29/2022 16:00:00,19.4,20.13,18.52,18.55,50043491
5/2/2022 16:00:00,18.54,19.57,18.39,19.53,57204868
5/3/2022 16:00:00,19.4,19.83,19.13,19.6,47575084
5/4/2022 16:00:00,19.92,20.4,18.75,20.33,64885463
5/5/2022 16:00:00,19.87,19.93,18.5,18.84,62633141
5/6/2022 16:00:00,18.74,19.51,17.99,18.68,63329672
5/9/2022 16:00:00,18.03,18.26,16.83,16.95,64445451
5/10/2022 16:00:00,17.69,18.2,17.02,17.6,76147429
5/11/2022 16:00:00,17.35,17.75,16.57,16.63,67016703
5/12/2022 16:00:00,16.22,16.79,15.57,16.18,70872837
5/13/2022 16:00:00,16.79,17.93,16.59,17.71,67043651
5/16/2022 16:00:00,17.51,17.79,17.11,17.26,52144598
5/17/2022 16:00:00,18.07,18.37,17.63,18.18,58582971
5/18/2022 16:00:00,17.7,18.12,16.86,16.94,54516106
5/19/2022 16:00:00,16.94,17.69,16.73,17.12,62130959
5/20/2022 16:00:00,17.33,17.41,15.76,16.69,73910526
5/23/2022 16:00:00,16.27,16.92,16.18,16.9,63988869
5/24/2022 16:00:00,16.51,16.6,15.78,16.15,58855002
5/25/2022 16:00:00,16.02,17.11,16,16.98,78113190
5/26/2022 16:00:00,16.04,18.09,16.02,17.85,99657452
5/27/2022 16:00:00,18.19,18.88,18.1,18.81,73837935
5/31/2022 16:00:00,18.98,19.2,18.35,18.67,66409951
6/1/2022 16:00:00,18.72,19.05,18.12,18.32,54451390
6/2/2022 16:00:00,18.29,19.62,18.2,19.59,64865580
6/3/2022 16:00:00,19.08,19.33,18.52,18.72,59877870
6/6/2022 16:00:00,19.14,19.34,18.56,18.79,42240615
6/7/2022 16:00:00,18.47,19,18.19,18.93,38891411
6/8/2022 16:00:00,18.8,19.18,18.54,18.65,36325246
6/9/2022 16:00:00,18.48,18.93,18.04,18.05,39557379
6/10/2022 16:00:00,17.6,17.7,16.87,16.97,46564966
6/13/2022 16:00:00,16,16.31,15.61,15.65,60415338
6/14/2022 16:00:00,15.73,16.07,15.41,15.84,46967952
6/15/2022 16:00:00,16.1,16.87,15.93,16.53,56393565
6/16/2022 16:00:00,15.86,15.94,15.4,15.6,54574867
6/17/2022 16:00:00,15.65,16,15.33,15.88,63033397
6/21/2022 16:00:00,16.47,17.01,16.41,16.57,48308888
6/22/2022 16:00:00,16.23,16.66,16.18,16.36,43799744
6/23/2022 16:00:00,16.52,16.59,15.85,16.23,46367959
6/24/2022 16:00:00,16.5,17.14,16.31,17.13,47215283
6/27/2022 16:00:00,17.31,17.33,16.63,16.87,42796788
6/28/2022 16:00:00,16.9,17.2,15.95,15.98,46185936
6/29/2022 16:00:00,15.81,15.82,15.17,15.54,48235228
6/30/2022 16:00:00,15.36,15.57,14.86,15.16,68607003
7/1/2022 16:00:00,14.9,15.06,14.39,14.52,57761008
7/5/2022 16:00:00,14.18,14.97,14.06,14.96,65220761
7/6/2022 16:00:00,15.01,15.32,14.79,15.13,52906586
7/7/2022 16:00:00,15.46,15.95,15.39,15.86,49290276
7/8/2022 16:00:00,15.43,16.04,15.39,15.84,46797176
7/11/2022 16:00:00,15.53,15.53,15.04,15.15,43838873
7/12/2022 16:00:00,15.27,15.43,14.88,15.08,45848310
7/13/2022 16:00:00,14.59,15.38,14.47,15.16,52191834
7/14/2022 16:00:00,15.11,15.47,14.73,15.37,45623484
7/15/2022 16:00:00,15.66,15.78,15.45,15.76,38593547
7/18/2022 16:00:00,16.3,16.9,16,16.1,67051745
7/19/2022 16:00:00,16.49,17.11,16.17,16.99,70236608
7/20/2022 16:00:00,16.95,17.93,16.8,17.81,76053779
7/21/2022 16:00:00,17.89,18.14,17.54,18.05,55704928
7/22/2022 16:00:00,17.89,17.97,17.14,17.32,53667088
7/25/2022 16:00:00,17.02,17.12,16.65,17.02,48074751
7/26/2022 16:00:00,16.89,16.92,16.48,16.53,39786491
7/27/2022 16:00:00,17.03,17.94,16.91,17.79,56977623
7/28/2022 16:00:00,17.98,18.14,17.44,17.98,47464628
7/29/2022 16:00:00,17.81,18.24,17.69,18.16,43546042
8/1/2022 16:00:00,18.18,18.85,17.99,18.44,47646904
8/2/2022 16:00:00,18.12,18.94,18.09,18.53,48952692
8/3/2022 16:00:00,18.18,18.97,18.14,18.89,41814557
8/4/2022 16:00:00,18.85,19.27,18.76,19.22,40965227
8/5/2022 16:00:00,18.81,19.23,18.67,18.99,38606829
8/8/2022 16:00:00,17.5,18.24,17.24,17.79,98378318
8/9/2022 16:00:00,17.25,17.45,16.72,17.09,66826265
8/10/2022 16:00:00,17.7,18.12,17.32,18.1,59742246
8/11/2022 16:00:00,18.13,18.71,17.88,17.94,50932655
8/12/2022 16:00:00,18.16,18.72,17.95,18.71,47809415
8/15/2022 16:00:00,18.7,19.16,18.61,19.03,45766556
8/16/2022 16:00:00,18.92,19.14,18.5,18.88,45123964
8/17/2022 16:00:00,18.52,18.69,18.15,18.34,44679911
8/18/2022 16:00:00,18.3,18.86,18.18,18.77,41544656
8/19/2022 16:00:00,18.41,18.52,17.77,17.85,44158833
8/22/2022 16:00:00,17.49,17.56,16.97,17.03,40959271
8/23/2022 16:00:00,16.99,17.47,16.97,17.18,36998577
8/24/2022 16:00:00,17.01,17.41,16.9,17.22,52266071
8/25/2022 16:00:00,16.84,17.95,16.83,17.91,77069133
8/26/2022 16:00:00,17.86,17.92,16.24,16.26,76912743
8/29/2022 16:00:00,16.02,16.34,15.77,15.8,49613194
8/30/2022 16:00:00,15.96,16.04,15.18,15.47,53018069
8/31/2022 16:00:00,15.38,15.54,14.96,15.09,57370986
9/1/2022 16:00:00,14.21,14.38,13.27,13.94,117886514
9/2/2022 16:00:00,14.1,14.17,13.59,13.65,74315746
9/6/2022 16:00:00,13.73,13.78,13.35,13.47,53575118
9/7/2022 16:00:00,13.56,13.84,13.35,13.71,51265746
9/8/2022 16:00:00,13.46,14.01,13.37,13.99,62487312
9/9/2022 16:00:00,14.16,14.47,14.13,14.39,48712842
9/12/2022 16:00:00,14.37,14.55,14.2,14.51,48415924
9/13/2022 16:00:00,13.8,13.92,13.1,13.13,71495563
9/14/2022 16:00:00,13.25,13.29,12.91,13.13,58850654
9/15/2022 16:00:00,13.02,13.23,12.79,12.93,52362516
9/16/2022 16:00:00,12.74,13.21,12.62,13.2,67075140
9/19/2022 16:00:00,13.01,13.46,13.01,13.38,56968528
9/20/2022 16:00:00,13.21,13.48,13.06,13.18,52481775
9/21/2022 16:00:00,13.21,14.03,13.11,13.26,80767940
9/22/2022 16:00:00,13.07,13.15,12.43,12.56,75916216
9/23/2022 16:00:00,12.42,12.61,12.26,12.52,66330931
9/26/2022 16:00:00,12.49,12.66,12.21,12.23,54734269
9/27/2022 16:00:00,12.51,12.74,12.26,12.41,55385406
9/28/2022 16:00:00,12.41,12.82,12.35,12.74,54241388
9/29/2022 16:00:00,12.45,12.5,11.95,12.22,53276312
9/30/2022 16:00:00,12.09,12.63,12.08,12.14,56563842
10/3/2022 16:00:00,12.35,12.68,12.11,12.51,54747847
10/4/2022 16:00:00,12.88,13.22,12.88,13.17,58418167
10/5/2022 16:00:00,12.91,13.32,12.62,13.21,50713073
10/6/2022 16:00:00,13.22,13.66,13.1,13.13,64415689
10/7/2022 16:00:00,12.51,12.67,12.02,12.08,67247816
10/10/2022 16:00:00,12.04,12.12,11.41,11.67,69869925
10/11/2022 16:00:00,11.56,11.85,11.28,11.59,66748163
10/12/2022 16:00:00,11.58,11.74,11.35,11.5,49259019
10/13/2022 16:00:00,10.97,12.08,10.81,11.96,85010301
10/14/2022 16:00:00,12.06,12.11,11.2,11.23,71343199
10/17/2022 16:00:00,11.52,11.95,11.52,11.89,58077417
10/18/2022 16:00:00,12.34,12.49,11.62,11.97,65936206
10/19/2022 16:00:00,11.88,12.35,11.83,12.05,52313061
10/20/2022 16:00:00,12.11,12.77,12.11,12.19,65239761
10/21/2022 16:00:00,12.1,12.5,11.89,12.47,60949441
10/24/2022 16:00:00,12.51,12.71,12.06,12.6,51745740
10/25/2022 16:00:00,12.69,13.3,12.66,13.26,50548233
10/26/2022 16:00:00,12.87,13.39,12.71,12.9,53553329
10/27/2022 16:00:00,13.63,13.84,13.12,13.18,58311308
10/28/2022 16:00:00,13.1,13.85,13.06,13.83,52103993
10/31/2022 16:00:00,13.78,13.84,13.3,13.5,48634099
11/1/2022 16:00:00,13.81,13.93,13.52,13.54,43281690
11/2/2022 16:00:00,13.85,14.21,13.21,13.22,67262784
11/3/2022 16:00:00,13.04,13.78,12.96,13.42,50006486
11/4/2022 16:00:00,13.99,14.23,13.7,14.16,61257591
11/7/2022 16:00:00,14.23,14.41,13.95,14.3,41006095
11/8/2022 16:00:00,14.8,14.89,14.22,14.6,59529199
11/9/2022 16:00:00,14.16,14.21,13.76,13.78,45441366
11/10/2022 16:00:00,14.8,15.77,14.55,15.75,70081925
11/11/2022 16:00:00,15.81,16.39,15.48,16.33,65548747
11/14/2022 16:00:00,16.22,16.54,15.92,16.3,52785245
11/15/2022 16:00:00,16.72,17,16.38,16.67,54587550
11/16/2022 16:00:00,16.16,16.36,15.87,15.91,64954684
11/17/2022 16:00:00,15.72,16.27,15.54,15.68,71089356
11/18/2022 16:00:00,15.97,16,15.12,15.41,49207165
11/21/2022 16:00:00,15.15,15.48,15.08,15.32,40473931
11/22/2022 16:00:00,15.33,16.06,15.12,16.04,47286607
11/23/2022 16:00:00,16.1,16.53,16.05,16.52,42724093
11/25/2022 13:05:00,16.32,16.49,16.17,16.27,16793430
11/28/2022 16:00:00,16.03,16.36,15.73,15.83,30415201
11/29/2022 16:00:00,15.83,15.93,15.52,15.64,29838449
11/30/2022 16:00:00,15.7,16.93,15.6,16.92,56529822
12/1/2022 16:00:00,17,17.27,16.64,17.14,47097657
12/2/2022 16:00:00,16.66,16.93,16.45,16.88,37138858
12/5/2022 16:00:00,16.68,17,16.47,16.61,35225517
12/6/2022 16:00:00,16.53,16.57,15.82,15.99,35269427
12/7/2022 16:00:00,15.77,16.19,15.67,16.12,37238758
12/8/2022 16:00:00,16.27,17.18,15.96,17.17,51545554
12/9/2022 16:00:00,17.16,17.58,16.98,17,46533819
12/12/2022 16:00:00,17.04,17.54,16.8,17.54,45732780
12/13/2022 16:00:00,18.53,18.79,17.71,18.07,65658876
12/14/2022 16:00:00,17.99,18.25,17.42,17.67,49688810
12/15/2022 16:00:00,17.15,17.32,16.7,16.95,47854210
12/16/2022 16:00:00,16.86,17.04,16.41,16.57,47823193
12/19/2022 16:00:00,16.57,16.61,16.15,16.25,35403877
12/20/2022 16:00:00,16.06,16.31,15.85,16.09,40325979
12/21/2022 16:00:00,16.11,16.63,16.1,16.5,32502538
12/22/2022 16:00:00,16.09,16.14,14.88,15.34,56504527
12/23/2022 16:00:00,15.2,15.34,14.88,15.21,34932563
12/27/2022 16:00:00,15.07,15.1,14.06,14.12,46490226
12/28/2022 16:00:00,13.93,14.26,13.88,14.04,35106645
12/29/2022 16:00:00,14.4,14.68,14.23,14.6,35492324
12/30/2022 16:00:00,14.33,14.63,14.23,14.61,31048983
1/3/2023 16:00:00,14.85,15,14.1,14.32,40127658
1/4/2023 16:00:00,14.57,14.85,14.24,14.75,43132360
1/5/2023 16:00:00,14.49,14.56,14.15,14.27,38916811
1/6/2023 16:00:00,14.47,15.01,14.03,14.86,40504362
1/9/2023 16:00:00,15.28,16.06,15.14,15.63,50423056
1/10/2023 16:00:00,15.51,15.96,15.47,15.91,38410126
1/11/2023 16:00:00,15.84,16.03,15.56,16,35328493
1/12/2023 16:00:00,16.1,16.64,15.49,16.51,55140906
1/13/2023 16:00:00,16.28,16.92,16.17,16.9,44728706
1/17/2023 16:00:00,16.9,17.73,16.9,17.7,51110216
1/18/2023 16:00:00,17.67,17.87,17.28,17.38,43962355
1/19/2023 16:00:00,17.04,17.2,16.73,16.77,45293160
1/20/2023 16:00:00,17.01,17.86,16.83,17.84,56496712
1/23/2023 16:00:00,18.06,19.25,17.82,19.19,65516259
1/24/2023 16:00:00,18.83,19.5,18.82,19.27,49620410
1/25/2023 16:00:00,18.91,19.37,18.58,19.32,44953711
1/26/2023 16:00:00,19.7,20.17,19.28,19.8,48953542
1/27/2023 16:00:00,19.46,20.63,19.41,20.36,54214198
1/30/2023 16:00:00,19.95,20.14,19.15,19.16,48861115
1/31/2023 16:00:00,19.17,19.69,18.95,19.54,49801658
2/1/2023 16:00:00,19.69,21.19,19.61,20.94,66047704
2/2/2023 16:00:00,21,21.95,20.7,21.71,56427580
2/3/2023 16:00:00,21,21.74,20.79,21.1,42936595
2/6/2023 16:00:00,20.81,21.57,20.79,21.09,45219709
2/7/2023 16:00:00,21.38,22.26,21.15,22.17,66414961
2/8/2023 16:00:00,22.39,22.88,22.01,22.21,55965122
2/9/2023 16:00:00,22.61,23.02,22.12,22.34,52387578
2/10/2023 16:00:00,21.69,22.08,20.81,21.27,55073675
2/13/2023 16:00:00,21.54,22.05,20.96,21.79,47491862
2/14/2023 16:00:00,21.58,23.05,21.37,22.97,67547350
2/15/2023 16:00:00,22.55,22.86,22.11,22.76,42118826
2/16/2023 16:00:00,22.13,22.55,21.93,22,41202628
2/17/2023 16:00:00,21.63,21.74,20.98,21.39,46588764
2/21/2023 16:00:00,21,21.49,20.62,20.66,41001455
2/22/2023 16:00:00,20.71,21.1,20.42,20.75,51318432
2/23/2023 16:00:00,23.44,23.89,23.03,23.66,111799541
2/24/2023 16:00:00,23.23,23.47,22.95,23.29,58971591
2/27/2023 16:00:00,23.67,23.88,23.45,23.5,45299367
2/28/2023 16:00:00,23.37,23.83,23.21,23.22,45596280
3/1/2023 16:00:00,23.19,23.26,22.51,22.7,46002562
3/2/2023 16:00:00,22.49,23.38,22.43,23.31,39007465
3/3/2023 16:00:00,23.32,23.9,23.13,23.89,41239330
3/6/2023 16:00:00,23.89,24.25,23.49,23.55,43742923
3/7/2023 16:00:00,23.6,24.13,23.24,23.29,51515388
3/8/2023 16:00:00,23.49,24.2,23.42,24.18,51357339
3/9/2023 16:00:00,24.18,24.45,23.38,23.44,50125699
3/10/2023 16:00:00,23.41,23.63,22.73,22.97,47486565
3/13/2023 16:00:00,22.75,23.3,22.3,22.97,42189032
3/14/2023 16:00:00,23.5,24.22,23.46,24.06,47491013
3/15/2023 16:00:00,23.76,24.29,23.36,24.23,52448574
3/16/2023 16:00:00,24.03,25.59,23.89,25.54,58494626
3/17/2023 16:00:00,25.98,26.4,25.67,25.73,84854656
3/20/2023 16:00:00,25.62,26.02,25.13,25.9,43274719
3/21/2023 16:00:00,26.18,26.39,25.38,26.2,54740776
3/22/2023 16:00:00,26.43,27.59,26.24,26.47,79729511
3/23/2023 16:00:00,27.12,27.5,26.69,27.19,56488876
3/24/2023 16:00:00,27.03,27.17,26.36,26.78,45541407
3/27/2023 16:00:00,26.84,27,26.37,26.53,36102574
3/28/2023 16:00:00,26.45,26.51,25.85,26.41,35610378
3/29/2023 16:00:00,26.83,27.08,26.6,26.98,39369387
3/30/2023 16:00:00,27.23,27.5,27.1,27.38,36451574
3/31/2023 16:00:00,27.14,27.83,27.11,27.78,43393277
4/3/2023 16:00:00,27.51,28,27.34,27.97,39871560
4/4/2023 16:00:00,27.97,28,27.31,27.45,36859153
4/5/2023 16:00:00,26.83,27,26.4,26.88,51501474
4/6/2023 16:00:00,26.58,27.08,26.43,27.04,39765434
4/10/2023 16:00:00,26.82,27.62,26.67,27.58,39527855
4/11/2023 16:00:00,27.72,27.79,27.13,27.17,31437817
4/12/2023 16:00:00,27.37,27.47,26.45,26.5,44625895
4/13/2023 16:00:00,26.73,26.89,26.33,26.46,35361528
4/14/2023 16:00:00,26.5,26.88,26.22,26.76,39566013
4/17/2023 16:00:00,26.57,27.01,26.43,27,32147130
4/18/2023 16:00:00,27.53,28.11,27.36,27.67,60481154
4/19/2023 16:00:00,27.36,28,27.23,27.93,35866041
4/20/2023 16:00:00,27.67,28.03,27,27.1,42771326
4/21/2023 16:00:00,26.95,27.18,26.72,27.12,34510277
4/24/2023 16:00:00,27.01,27.37,26.67,27.04,33928186
4/25/2023 16:00:00,27.08,27.25,26.23,26.24,37852716
4/26/2023 16:00:00,27,27.33,26.71,26.96,40633681
4/27/2023 16:00:00,27.36,27.5,26.63,27.23,37716119
4/28/2023 16:00:00,27.23,27.76,27.07,27.75,29221614
5/1/2023 16:00:00,27.84,29.06,27.78,28.91,57032853
5/2/2023 16:00:00,28.68,28.84,28.08,28.21,40272957
5/3/2023 16:00:00,27.84,28.37,27.47,27.8,38338740
5/4/2023 16:00:00,27.65,27.86,27.24,27.56,32185041
5/5/2023 16:00:00,27.83,28.76,27.73,28.68,36149408
5/8/2023 16:00:00,28.52,29.22,28.35,29.15,34497890
5/9/2023 16:00:00,28.9,28.97,28.45,28.57,31486946
5/10/2023 16:00:00,29.01,29.11,28.46,28.89,36934998
5/11/2023 16:00:00,28.9,28.95,28.25,28.58,32214903
5/12/2023 16:00:00,28.53,28.78,28.05,28.34,27422225
5/15/2023 16:00:00,28.51,28.97,28.15,28.95,29392587
5/16/2023 16:00:00,28.84,29.87,28.83,29.21,44940494
5/17/2023 16:00:00,29.58,30.2,29.43,30.18,43253541
5/18/2023 16:00:00,30.41,31.83,30.32,31.68,74872501
5/19/2023 16:00:00,31.54,31.58,30.92,31.26,47390765
5/22/2023 16:00:00,30.9,31.52,30.68,31.18,37199967
5/23/2023 16:00:00,31,31.29,30.63,30.69,35625326
5/24/2023 16:00:00,30.21,30.61,29.81,30.54,72141851
5/25/2023 16:00:00,38.52,39.48,36.64,37.98,154391067
5/26/2023 16:00:00,37.89,39.17,37.55,38.95,71439676
5/30/2023 16:00:00,40.6,41.94,39.95,40.11,92340110
5/31/2023 16:00:00,39.49,40.3,37.82,37.83,100258020
6/1/2023 16:00:00,38.49,40.05,38.34,39.77,63587295
6/2/2023 16:00:00,40.1,40.5,39.06,39.33,48273121
6/5/2023 16:00:00,38.91,39.57,38.71,39.17,39609381
6/6/2023 16:00:00,38.83,39.16,38.15,38.65,38872914
6/7/2023 16:00:00,38.92,39.5,37.36,37.48,51199789
6/8/2023 16:00:00,37.72,38.86,37.51,38.51,41777240
6/9/2023 16:00:00,39.04,39.71,38.57,38.77,42771747
6/12/2023 16:00:00,39.2,39.53,38.62,39.48,38967335
6/13/2023 16:00:00,40.19,41.1,39.74,41.02,61320816
6/14/2023 16:00:00,40.82,43,40.55,43,74046502
6/15/2023 16:00:00,42.6,43.29,42.15,42.65,56862204
6/16/2023 16:00:00,43.45,43.72,42.66,42.69,65570941
6/20/2023 16:00:00,43,43.99,42.67,43.81,45115311
6/21/2023 16:00:00,43.5,43.62,42.08,43.05,55160291
6/22/2023 16:00:00,42.25,43.43,42.23,43.03,41773743
6/23/2023 16:00:00,42.46,42.81,42.02,42.21,35813984
6/26/2023 16:00:00,42.46,42.76,40.1,40.63,59432192
6/27/2023 16:00:00,40.8,41.94,40.45,41.88,46217470
6/28/2023 16:00:00,40.66,41.85,40.52,41.12,58263927
6/29/2023 16:00:00,41.56,41.6,40.6,40.82,38051430
6/30/2023 16:00:00,41.68,42.55,41.5,42.3,50114775
7/3/2023 13:05:00,42.52,42.9,42.2,42.41,19820919
7/5/2023 16:00:00,42.14,43.18,42.09,42.32,32361756
7/6/2023 16:00:00,41.84,42.18,41.35,42.1,30413879
7/7/2023 16:00:00,42.32,43.21,42.18,42.5,35588147
7/10/2023 16:00:00,42.66,42.81,41.65,42.18,35390811
7/11/2023 16:00:00,42.48,42.76,42.07,42.41,29824406
7/12/2023 16:00:00,43.03,43.94,42.78,43.9,48127702
7/13/2023 16:00:00,44.52,46.16,44.49,45.98,47820369
7/14/2023 16:00:00,46.58,48.09,45.06,45.47,77207533
7/17/2023 16:00:00,46.29,46.5,45.26,46.46,51048822
7/18/2023 16:00:00,46.7,47.9,45.73,47.49,57019042
7/19/2023 16:00:00,47.46,47.82,46.74,47.08,42750179
7/20/2023 16:00:00,46.51,47.09,45.06,45.52,53786451
7/21/2023 16:00:00,45.79,45.87,44.1,44.31,96376863
7/24/2023 16:00:00,44.73,45.11,44.04,44.61,38309974
7/25/2023 16:00:00,44.94,46.18,44.92,45.68,34808091
7/26/2023 16:00:00,46.02,46.05,44.63,45.45,36423726
7/27/2023 16:00:00,46.52,47.4,45.75,45.9,45597552
7/28/2023 16:00:00,46.67,47.03,46.38,46.75,33119424
7/31/2023 16:00:00,46.75,47.13,46.51,46.73,25105528
8/1/2023 16:00:00,46.46,46.9,46.03,46.51,23927597
8/2/2023 16:00:00,45.83,45.84,43.39,44.27,53014157
8/3/2023 16:00:00,43.8,45.12,43.8,44.52,32507660
8/4/2023 16:00:00,44.99,45.64,44.39,44.68,36266618
8/7/2023 16:00:00,45.11,45.54,44.56,45.42,32215354
8/8/2023 16:00:00,44.85,45.24,44.06,44.66,35384343
8/9/2023 16:00:00,44.27,44.31,42.13,42.55,58644907
8/10/2023 16:00:00,42.16,43.57,41.84,42.39,49270530
8/11/2023 16:00:00,41.75,42.02,40.64,40.85,53308526
8/14/2023 16:00:00,40.49,43.8,40.31,43.75,69028583
8/15/2023 16:00:00,44.56,45.27,43.71,43.94,67651151
8/16/2023 16:00:00,44.52,44.68,43.41,43.49,52745068
8/17/2023 16:00:00,43.97,44.06,43,43.34,45239482
8/18/2023 16:00:00,42.64,43.58,41.66,43.3,58376787
8/21/2023 16:00:00,44.49,47.07,44.22,46.97,69257337
8/22/2023 16:00:00,48.14,48.19,45.33,45.67,75720691
8/23/2023 16:00:00,45.87,47.2,45.21,47.12,77904608
8/24/2023 16:00:00,50.22,50.27,47.16,47.16,115604409
8/25/2023 16:00:00,47.01,47.81,45.02,46.02,92534052
8/28/2023 16:00:00,46.48,46.98,44.89,46.84,68519223
8/29/2023 16:00:00,46.67,49.08,46.39,48.78,70139699
8/30/2023 16:00:00,49.04,49.93,48.43,49.26,73520598
8/31/2023 16:00:00,49.38,49.74,48.96,49.36,52856977
9/1/2023 16:00:00,49.76,49.8,48.14,48.51,46383030
9/5/2023 16:00:00,48.22,48.85,47.86,48.55,38265258
9/6/2023 16:00:00,48.44,48.55,46.58,47.06,46866957
9/7/2023 16:00:00,45.53,46.34,45.15,46.24,43332989
9/8/2023 16:00:00,45.94,46.61,45.27,45.57,47389994
9/11/2023 16:00:00,46.15,46.16,44.31,45.18,47396555
9/12/2023 16:00:00,44.74,45.67,44.53,44.87,34925634
9/13/2023 16:00:00,44.6,45.93,44.5,45.49,39835535
9/14/2023 16:00:00,45.95,45.99,45.13,45.58,37009720
9/15/2023 16:00:00,45.34,45.6,43.81,43.9,50683051
9/18/2023 16:00:00,42.75,44.24,42,43.97,50027079
9/19/2023 16:00:00,43.83,43.97,43,43.52,37306424
9/20/2023 16:00:00,43.6,43.9,42.22,42.24,36710769
9/21/2023 16:00:00,41.58,42.1,40.98,41.02,45073596
9/22/2023 16:00:00,41.57,42.12,41.23,41.61,47923631
9/25/2023 16:00:00,41.59,42.54,41.18,42.22,41909096
9/26/2023 16:00:00,42,42.82,41.66,41.91,40228209
9/27/2023 16:00:00,42.33,42.87,41.63,42.47,44493520
9/28/2023 16:00:00,42.46,43.45,42.12,43.09,42466279
9/29/2023 16:00:00,43.83,44.14,43.31,43.5,39782993
10/2/2023 16:00:00,44.03,45.18,43.86,44.78,43329821
10/3/2023 16:00:00,44.81,45.13,43.25,43.52,47084954
10/4/2023 16:00:00,43.74,44.14,43.29,44.04,36182086
10/5/2023 16:00:00,44.05,44.9,43.89,44.69,39348309
10/6/2023 16:00:00,44.19,45.79,44.03,45.76,43443602
10/9/2023 16:00:00,44.84,45.61,44.37,45.27,40967472
10/10/2023 16:00:00,45.31,46.26,45.09,45.8,36858208
10/11/2023 16:00:00,46.2,46.86,46.05,46.81,37813689
10/12/2023 16:00:00,46.78,47.61,46.33,46.95,48132500
10/13/2023 16:00:00,46.96,47.12,45.28,45.46,47542599
10/16/2023 16:00:00,45.06,46.23,44.91,46.1,37509924
10/17/2023 16:00:00,44,44.75,42.48,43.94,81233267
10/18/2023 16:00:00,42.59,43.22,41.83,42.2,62729434
10/19/2023 16:00:00,42.81,43.3,41.88,42.1,50123308
10/20/2023 16:00:00,41.89,42.47,41.08,41.39,47726605
10/23/2023 16:00:00,41.23,43.25,40.95,42.98,47853049
10/24/2023 16:00:00,43.08,43.7,42.69,43.66,40146337
10/25/2023 16:00:00,43.4,43.65,41.56,41.78,39837922
10/26/2023 16:00:00,41.85,42.26,39.88,40.33,54100132
10/27/2023 16:00:00,41.13,41.21,40.02,40.5,41678441
10/30/2023 16:00:00,41.09,41.77,40.48,41.16,38802814
10/31/2023 16:00:00,40.45,40.88,39.23,40.78,51796870
11/1/2023 16:00:00,40.88,42.38,40.87,42.33,43759290
11/2/2023 16:00:00,43.33,43.88,42.89,43.51,40917187
11/3/2023 16:00:00,44.02,45.31,43.72,45.01,42460959
11/6/2023 16:00:00,45.28,45.94,44.9,45.75,40073335
11/7/2023 16:00:00,45.72,46.22,45.16,45.96,34316547
11/8/2023 16:00:00,46.1,46.87,45.97,46.57,34671894
11/9/2023 16:00:00,47.47,48.23,46.75,46.95,54049597
11/10/2023 16:00:00,47.5,48.47,47.28,48.34,42244156
11/13/2023 16:00:00,48.32,49.12,48.1,48.62,38413570
11/14/2023 16:00:00,49.68,49.83,49.04,49.66,41695387
11/15/2023 16:00:00,49.94,49.96,48.2,48.89,47549735
11/16/2023 16:00:00,48.68,49.52,48.33,49.48,33975624
11/17/2023 16:00:00,49.52,49.72,49.01,49.3,32589691
11/20/2023 16:00:00,49.31,50.55,49.18,50.41,41614260
11/21/2023 16:00:00,50.13,50.52,49.22,49.94,56574687
11/22/2023 16:00:00,49.85,50.33,47.69,48.72,90064233
11/24/2023 13:05:00,48.47,48.92,47.75,47.78,29464464
11/27/2023 16:00:00,47.8,48.53,47.65,48.24,39566190
11/28/2023 16:00:00,48.24,48.32,47.47,47.82,40149085
11/29/2023 16:00:00,48.38,48.76,47.86,48.14,38200465
11/30/2023 16:00:00,48.02,48.11,46.42,46.77,52624663
12/1/2023 16:00:00,46.53,47.2,46.19,46.77,36931701
12/4/2023 16:00:00,46.08,46.08,45.01,45.51,43754344
12/5/2023 16:00:00,45.47,46.6,45.27,46.57,37171762
12/6/2023 16:00:00,47.21,47.39,45.41,45.5,38058955
12/7/2023 16:00:00,45.7,46.63,45.6,46.6,35082255
12/8/2023 16:00:00,46.6,47.74,46.55,47.51,35922370
12/11/2023 16:00:00,47.49,47.53,45.83,46.63,50972809
12/12/2023 16:00:00,46.05,47.67,46.05,47.66,37238686
12/13/2023 16:00:00,47.63,48.59,47.61,48.09,44779186
12/14/2023 16:00:00,48.39,48.67,47.42,48.35,39123174
12/15/2023 16:00:00,48.19,49.4,48.12,48.89,47994758
12/18/2023 16:00:00,49.4,50.43,49.15,50.08,41258717
12/19/2023 16:00:00,49.42,49.7,48.9,49.6,46444446
12/20/2023 16:00:00,49.66,50,48.1,48.11,39789439
12/21/2023 16:00:00,48.81,49.1,48.42,48.99,30042535
12/22/2023 16:00:00,49.2,49.38,48.47,48.83,25250676
12/26/2023 16:00:00,48.97,49.6,48.96,49.28,24419952
12/27/2023 16:00:00,49.51,49.68,49.09,49.42,23364798
12/28/2023 16:00:00,49.64,49.88,49.41,49.52,24658748
12/29/2023 16:00:00,49.81,50,48.75,49.52,38929330
1/2/2024 16:00:00,49.24,49.3,47.6,48.17,41125422
1/3/2024 16:00:00,47.49,48.18,47.32,47.57,32089617
1/4/2024 16:00:00,47.77,48.5,47.51,48,30653489
1/5/2024 16:00:00,48.46,49.55,48.31,49.1,41503927
1/8/2024 16:00:00,49.51,52.28,49.48,52.25,64250990
1/9/2024 16:00:00,52.4,54.33,51.69,53.14,77310006
1/10/2024 16:00:00,53.62,54.6,53.49,54.35,53379576
1/11/2024 16:00:00,55,55.35,53.56,54.82,59675877
1/12/2024 16:00:00,54.62,54.97,54.33,54.71,35299360
1/16/2024 16:00:00,55.02,56.83,54.9,56.38,44957973
1/17/2024 16:00:00,56.35,56.47,54.74,56.05,47439444
1/18/2024 16:00:00,57.26,57.6,56.11,57.11,49165036
1/19/2024 16:00:00,57.99,59.5,57.23,59.49,54350148
1/22/2024 16:00:00,60.05,60.33,59.07,59.65,45295463
1/23/2024 16:00:00,59.57,59.91,58.59,59.87,29465445
1/24/2024 16:00:00,60.3,62.85,59.94,61.36,56027076
1/25/2024 16:00:00,62.35,62.72,60.85,61.62,48277684
1/26/2024 16:00:00,60.96,61.78,60.57,61.03,39030859
1/29/2024 16:00:00,61.23,62.49,60.91,62.47,34873298
1/30/2024 16:00:00,62.9,63.49,62.26,62.77,41073530
1/31/2024 16:00:00,61.44,62.27,60.7,61.53,45379487
2/1/2024 16:00:00,62.1,63.19,61.65,63.03,36914579
2/2/2024 16:00:00,63.97,66.6,63.69,66.16,47657765
2/5/2024 16:00:00,68.22,69.5,67.21,69.33,68007801
2/6/2024 16:00:00,69.63,69.75,66.3,68.22,68311136
2/7/2024 16:00:00,68.32,70.22,67.6,70.1,49557455
2/8/2024 16:00:00,70.07,70.79,69.46,69.64,41442211
2/9/2024 16:00:00,70.53,72.19,70.21,72.13,43663689
2/12/2024 16:00:00,72.6,74.61,71.25,72.25,61371018
2/13/2024 16:00:00,70.4,73.45,69.62,72.13,60258015
2/14/2024 16:00:00,73.2,74.24,71.94,73.9,50491742
2/15/2024 16:00:00,73.87,73.97,72.4,72.66,42012181
2/16/2024 16:00:00,74.1,74.4,72.5,72.61,49532662
2/20/2024 16:00:00,71.95,71.96,67.73,69.45,70483310
2/21/2024 16:00:00,68.01,68.89,66.25,67.47,69029813
2/22/2024 16:00:00,75.03,78.58,74.22,78.54,86509974
2/23/2024 16:00:00,80.79,82.39,77.57,78.82,82938837
2/26/2024 16:00:00,79.7,80.65,78.51,79.09,50397273
2/27/2024 16:00:00,79.38,79.48,77.16,78.7,39170524
2/28/2024 16:00:00,77.62,78.93,77.13,77.66,39311040
2/29/2024 16:00:00,79.09,79.99,78.35,79.11,50728898
3/1/2024 16:00:00,80,82.3,79.44,82.28,47913510
3/4/2024 16:00:00,84.13,87.7,83.72,85.24,61561645
3/5/2024 16:00:00,85.27,86.1,83.42,85.96,52063930
3/6/2024 16:00:00,88.02,89.72,87.03,88.7,58252030
3/7/2024 16:00:00,90.16,92.77,89.6,92.67,60811916
3/8/2024 16:00:00,95.14,97.4,86.51,87.53,114226906
3/11/2024 16:00:00,86.43,88.8,84.17,85.77,67836412
3/12/2024 16:00:00,88.05,91.96,86.15,91.91,66807515
3/13/2024 16:00:00,91.06,91.5,88.44,90.89,63571289
3/14/2024 16:00:00,89.58,90.65,86.6,87.94,60231816
3/15/2024 16:00:00,86.93,89.55,86.26,87.84,64208616
3/18/2024 16:00:00,90.39,92.41,87.09,88.46,66897593
3/19/2024 16:00:00,86.7,90.54,85.01,89.4,67217127
3/20/2024 16:00:00,89.8,90.41,88.22,90.37,47906279
3/21/2024 16:00:00,92.3,92.65,90.41,91.44,48037231
3/22/2024 16:00:00,91.14,94.78,90.83,94.29,58671936
3/25/2024 16:00:00,93.94,96.77,93.51,95,55213608
3/26/2024 16:00:00,95.85,96.38,92.5,92.56,51364758
3/27/2024 16:00:00,93.11,93.24,89.12,90.25,58606723
3/28/2024 16:00:00,90,91.3,89.19,90.36,43521227
4/1/2024 16:00:00,90.3,92.23,89.2,90.36,45244149
4/2/2024 16:00:00,88.45,90.09,87.62,89.45,43306355
4/3/2024 16:00:00,88.48,90.37,88.4,88.96,37006655
4/4/2024 16:00:00,90.41,90.63,85.88,85.91,43496492
4/5/2024 16:00:00,86.87,88.48,85.93,88.01,39967846
4/8/2024 16:00:00,88.7,88.83,86.73,87.13,28322000
4/9/2024 16:00:00,87.44,87.64,83.02,85.35,50354735
4/10/2024 16:00:00,83.93,87.4,83.71,87.04,43192853
4/11/2024 16:00:00,87.42,90.74,86.93,90.62,43163727
4/12/2024 16:00:00,89.7,90.17,87.53,88.19,42680479
4/15/2024 16:00:00,89.1,90.61,85.93,86,44307695
4/16/2024 16:00:00,86.43,88.12,86.06,87.42,37045302
4/17/2024 16:00:00,88.34,88.78,83.95,84.04,49539951
4/18/2024 16:00:00,84.97,86.19,82.4,84.67,44726034
4/19/2024 16:00:00,83.15,84.32,75.61,76.2,87519800
4/22/2024 16:00:00,78.1,80.07,76.4,79.52,59634051
4/23/2024 16:00:00,80.77,82.77,80.26,82.42,43855937
4/24/2024 16:00:00,83.95,84.08,79.18,79.68,51220753
4/25/2024 16:00:00,78.87,83.32,78.22,82.63,42464073
4/26/2024 16:00:00,83.82,88.33,83.39,87.74,55101078
4/29/2024 16:00:00,87.6,87.99,85.27,87.76,38897076
4/30/2024 16:00:00,87.24,88.82,86.3,86.4,36370870
5/1/2024 16:00:00,85.08,86,81.25,83.04,55986317
5/2/2024 16:00:00,84.45,86.24,83.2,85.82,37789754
5/3/2024 16:00:00,87.79,89.28,87.04,88.79,39834072
5/6/2024 16:00:00,89.39,92.22,89.06,92.14,37620255
5/7/2024 16:00:00,91.1,91.78,89.01,90.55,43734161
5/8/2024 16:00:00,89.48,91.19,89.42,90.41,32572102
5/9/2024 16:00:00,90.53,91.07,88.23,88.75,37801268
5/10/2024 16:00:00,90.3,91.4,89.23,89.88,33532541
5/13/2024 16:00:00,90.48,91,88.53,90.4,28968017
5/14/2024 16:00:00,89.6,91.65,88.93,91.36,29650708
5/15/2024 16:00:00,92.47,94.86,91.6,94.63,41773545
5/16/2024 16:00:00,94.91,95.82,94.1,94.36,32395182
5/17/2024 16:00:00,94.37,94.74,91.81,92.48,35969103
5/20/2024 16:00:00,93.75,95.2,93.44,94.78,31876446
5/21/2024 16:00:00,93.6,95.4,93.18,95.39,32894646
5/22/2024 16:00:00,95.46,96.02,93.25,94.95,54864799
5/23/2024 16:00:00,102.03,106.32,101.52,103.8,83506528
5/24/2024 16:00:00,104.45,106.48,103,106.47,42949367
5/28/2024 16:00:00,110.24,114.94,109.88,113.9,65272789
5/29/2024 16:00:00,113.05,115.49,110.9,114.83,55744193
5/30/2024 16:00:00,114.65,115.82,109.66,110.5,48735033
5/31/2024 16:00:00,112.52,112.72,106.94,109.63,61326250
6/3/2024 16:00:00,113.62,115,112,115,43839176
6/4/2024 16:00:00,115.72,116.6,114.05,116.44,40332401
6/5/2024 16:00:00,118.37,122.45,117.47,122.44,52840178
6/6/2024 16:00:00,124.05,125.59,118.32,121,66469619
6/7/2024 16:00:00,119.77,121.69,118.02,120.89,41238580
6/10/2024 16:00:00,120.37,123.1,117.01,121.79,314162650
6/11/2024 16:00:00,121.77,122.87,118.74,120.91,222551158
6/12/2024 16:00:00,123.06,126.88,122.57,125.2,299595001
6/13/2024 16:00:00,129.39,129.8,127.16,129.61,260704537
6/14/2024 16:00:00,129.96,132.84,128.32,131.88,309320376
6/17/2024 16:00:00,132.99,133.73,129.58,130.98,288504444
6/18/2024 16:00:00,131.14,136.33,130.69,135.58,294335054
6/20/2024 16:00:00,139.8,140.76,129.52,130.78,517768425
6/21/2024 16:00:00,127.12,130.63,124.3,126.57,655484664
6/24/2024 16:00:00,123.24,124.46,118.04,118.11,476060866
6/25/2024 16:00:00,121.2,126.5,119.32,126.09,425787456
6/26/2024 16:00:00,126.13,128.12,122.6,126.4,362975918
6/27/2024 16:00:00,124.1,126.41,122.92,123.99,252571693
6/28/2024 16:00:00,124.58,127.71,122.75,123.54,315516740
7/1/2024 16:00:00,123.47,124.84,118.83,124.3,284885534
7/2/2024 16:00:00,121.13,123.41,121.03,122.67,218373969
7/3/2024 13:05:00,121.66,128.28,121.36,128.28,215748955
7/5/2024 16:00:00,127.38,128.85,125.68,125.83,214176689
7/8/2024 16:00:00,127.49,130.77,127.04,128.2,237677322
7/9/2024 16:00:00,130.35,133.82,128.65,131.38,287020820
7/10/2024 16:00:00,134.03,135.1,132.42,134.91,248978569
7/11/2024 16:00:00,135.75,136.15,127.05,127.4,374782738
7/12/2024 16:00:00,128.26,131.92,127.22,129.24,252680535
7/15/2024 16:00:00,130.56,131.39,127.18,128.44,208326164
7/16/2024 16:00:00,128.44,129.04,124.58,126.36,214769515
7/17/2024 16:00:00,121.35,121.85,116.72,117.99,390086189
7/18/2024 16:00:00,121.85,122.4,116.56,121.09,320979530
7/19/2024 16:00:00,120.35,121.6,117.37,117.93,217223800
7/22/2024 16:00:00,120.35,124.07,119.86,123.54,258068943
7/23/2024 16:00:00,122.78,124.69,122.1,122.59,173910983
7/24/2024 16:00:00,119.17,119.95,113.44,114.25,327776884
7/25/2024 16:00:00,113.04,116.63,106.3,112.28,460067019
7/26/2024 16:00:00,116.19,116.2,111.58,113.06,293399073
7/29/2024 16:00:00,113.69,116.28,111.3,111.59,248152068
7/30/2024 16:00:00,111.52,111.99,102.54,103.73,486833274
7/31/2024 16:00:00,112.9,118.34,110.88,117.02,473174182
8/1/2024 16:00:00,117.53,120.16,106.81,109.21,523462326
8/2/2024 16:00:00,103.76,108.72,101.37,107.27,482027464
8/5/2024 16:00:00,92.06,103.41,90.69,100.45,552842375
8/6/2024 16:00:00,103.84,107.71,100.55,104.25,409012089
8/7/2024 16:00:00,107.81,108.8,98.69,98.91,411440423
8/8/2024 16:00:00,102,105.5,97.52,104.97,391910023
8/9/2024 16:00:00,105.64,106.6,103.43,104.75,290844157
8/12/2024 16:00:00,106.32,111.07,106.26,109.02,325559870
8/13/2024 16:00:00,112.44,116.23,111.58,116.14,312646660
8/14/2024 16:00:00,118.53,118.6,114.07,118.08,339246407
8/15/2024 16:00:00,118.76,123.24,117.47,122.86,318086673
8/16/2024 16:00:00,121.94,125,121.18,124.58,302589872
8/19/2024 16:00:00,124.28,130,123.42,130,318333577
8/20/2024 16:00:00,128.4,129.88,125.89,127.25,300087415
8/21/2024 16:00:00,127.32,129.35,126.66,128.5,257883572
8/22/2024 16:00:00,130.02,130.75,123.1,123.74,376189076
8/23/2024 16:00:00,125.86,129.6,125.22,129.37,323230332
8/26/2024 16:00:00,129.57,131.26,124.37,126.46,331964672
8/27/2024 16:00:00,125.05,129.2,123.88,128.3,303134573
8/28/2024 16:00:00,128.12,128.33,122.64,125.61,448101115
8/29/2024 16:00:00,121.36,124.43,116.71,117.59,453023305
8/30/2024 16:00:00,119.53,121.75,117.22,119.37,333751583
9/3/2024 16:00:00,116.01,116.21,107.29,108,477155100
9/4/2024 16:00:00,105.41,113.27,104.12,106.21,372470291
9/5/2024 16:00:00,104.99,109.65,104.76,107.21,306850696
9/6/2024 16:00:00,108.04,108.15,100.95,102.83,413638098
9/9/2024 16:00:00,104.88,106.55,103.69,106.47,273912015
9/10/2024 16:00:00,107.81,109.4,104.95,108.1,268283736
9/11/2024 16:00:00,109.39,117.19,107.42,116.91,441422370
9/12/2024 16:00:00,116.84,120.79,115.38,119.14,367100496
9/13/2024 16:00:00,119.08,119.96,117.6,119.1,238358328
9/16/2024 16:00:00,116.79,118.18,114.36,116.78,248772308
9/17/2024 16:00:00,118.17,118.8,114.83,115.59,231925876
9/18/2024 16:00:00,115.89,117.7,113.22,113.37,310318937
9/19/2024 16:00:00,117.35,119.66,117.25,117.87,293506438
9/20/2024 16:00:00,117.06,118.62,115.39,116,382462428
9/23/2024 16:00:00,116.55,116.99,114.86,116.26,206228490